State,District,Latitude,Longitude,District code,Population,Male,Female,Households_with_Internet,Male_Literate,Female_Literate,Total_Power_Parity,literacy_rate,sex_ratio
Andhra Pradesh,Adilabad,19.284513950073435,78.81321233480176,532,2741239,1369597,1371642,5512,856350,626997,4181,54.0,100.0
Andhra Pradesh,Anantapur,14.312065561843148,77.4601584478577,553,4081148,2064495,2016653,8606,1338474,972486,5799,57.0,98.0
Andhra Pradesh,Chittoor,13.33109263067696,78.92763898886037,554,4174064,2090204,2083860,13763,1484794,1183084,5926,64.0,100.0
Andhra Pradesh,East Godavari,16.782718320784902,82.2432074720511,545,5154296,2569688,2584608,22411,1716933,1571644,7211,64.0,101.0
Andhra Pradesh,Guntur,15.884925767634847,80.58657614107885,548,4887813,2440521,2447292,19383,1634726,1325715,6981,61.0,100.0
Andhra Pradesh,Hyderabad,17.38971555555556,78.46668888888888,536,3943323,2018575,1924748,149034,1542688,1349467,11071,73.0,95.0
Andhra Pradesh,Karimnagar,18.515483193277312,79.43765428571413,534,3776269,1880800,1895469,8831,1257238,949591,5251,58.0,101.0
Andhra Pradesh,Khammam,17.683921325051784,80.67008643892335,541,2797370,1390988,1406382,8628,901640,728594,3836,58.0,101.0
Andhra Pradesh,Krishna,16.143872753151673,81.14805061000413,547,4517398,2267375,2250023,30438,1598959,1410759,6983,67.0,99.0
Andhra Pradesh,Kurnool,15.43759715142429,77.90086836581717,552,4053463,2039227,2014236,10081,1246369,880792,5301,52.0,99.0
Andhra Pradesh,Mahbubnagar,16.639546224256293,77.98933089244859,538,4053028,2050386,2002642,6153,1158386,782260,4695,48.0,98.0
Andhra Pradesh,Medak,17.889304978038055,78.13778901903379,535,3033288,1523030,1510258,8635,953406,683731,3874,54.0,99.0
Andhra Pradesh,Nalgonda,17.113250515463907,79.16984453608244,539,3488809,1759772,1729037,7715,1160757,840262,4468,57.0,98.0
Andhra Pradesh,Nizamabad,18.429485849056604,78.07523490566035,533,2551335,1250641,1300694,5261,790214,599596,3458,54.0,104.0
Andhra Pradesh,Prakasam,15.489039001601704,80.11665790176184,549,3397448,1714764,1682684,6151,1107686,796749,4304,56.0,98.0
Andhra Pradesh,Srikakulam,18.570900998697432,84.25874814010675,542,2703114,1341738,1361376,3988,857824,637557,3301,55.0,101.0
Andhra Pradesh,Vizianagaram,18.28329696032972,83.45982854198873,543,2344474,1161477,1182997,4453,707503,530885,3103,53.0,102.0
Andhra Pradesh,Warangal,18.01752608695651,79.87422028985509,540,3512576,1759281,1753295,12952,1179790,885233,4762,59.0,100.0
Andhra Pradesh,West Godavari,16.63297943925236,81.45912990654196,546,3936966,1964918,1972048,12050,1379223,1273166,5485,67.0,100.0
Arunachal Pradesh,Changlang,27.36048479338845,96.37552644628106,253,148226,76948,71278,170,44027,29147,348,49.0,93.0
Arunachal Pradesh,East Kameng,27.371194055944056,93.04741486013997,247,78690,38775,39915,57,21599,16850,348,49.0,103.0
Arunachal Pradesh,East Siang,28.15382352941176,95.06499226006191,251,99214,50116,49098,450,34210,28366,644,63.0,98.0
Arunachal Pradesh,Kurung Kumey,28.04853351800553,93.24531994459834,256,92076,45318,46758,95,20258,16348,348,40.0,103.0
Arunachal Pradesh,Lohit,27.946785273972623,96.59670770547945,259,145726,76221,69505,312,48380,34682,348,57.0,91.0
Arunachal Pradesh,Lower Dibang Valley,28.32651730103806,95.76567335640142,258,54080,28053,26027,207,18087,13762,348,59.0,93.0
Arunachal Pradesh,Lower Subansiri,27.70849297297297,93.96226108108112,255,83030,41843,41187,381,29470,24587,348,65.0,98.0
Arunachal Pradesh,Papum Pare,27.273529716981127,93.54468183962264,248,176573,89182,87391,2477,65794,55254,644,69.0,98.0
Arunachal Pradesh,Tawang,27.680683962264148,91.82504245283016,245,49977,29151,20826,96,17720,8353,348,52.0,71.0
Arunachal Pradesh,Tirap,26.94406229508198,95.41470327868862,254,111975,57604,54371,98,29313,18661,348,43.0,94.0
Arunachal Pradesh,Upper Siang,28.8309244897959,95.00155765306124,252,35320,18699,16621,97,10723,7472,348,52.0,89.0
Arunachal Pradesh,Upper Subansiri,28.277196566523585,93.8991435622318,249,83448,41758,41690,139,24807,20471,348,54.0,100.0
Arunachal Pradesh,West Kameng,27.46486582278483,92.65015750452083,246,83947,46155,37792,202,29566,18926,348,58.0,82.0
Arunachal Pradesh,West Siang,28.106296920289843,94.53510344202908,250,112274,58168,54106,303,36777,27969,348,58.0,93.0
Assam,Barpeta,26.427872264631056,90.97912010178116,303,1693622,867004,826618,2078,499038,398020,348,53.0,95.0
Assam,Bongaigaon,26.45012521994133,90.6734296187684,319,738804,375818,362986,2523,237114,196964,348,59.0,97.0
Assam,Cachar,24.815570668693017,92.86849650455927,316,1736617,886284,850333,5316,639946,534182,348,68.0,96.0
Assam,Darrang,26.58463215962442,92.04141338028155,325,928500,475273,453227,1166,268666,218373,348,52.0,95.0
Assam,Dhemaji,27.586533438485816,94.71336908517353,308,686133,351249,334884,1192,237761,185267,348,62.0,95.0
Assam,Dibrugarh,27.30612284482757,95.0998282327587,310,1326335,676434,649901,8817,491361,393170,348,67.0,96.0
Assam,Goalpara,26.017277777777807,90.59869891598912,302,1008183,513292,494891,1364,304302,259275,348,56.0,96.0
Assam,Golaghat,26.377219709794485,93.82583397823468,313,1066888,543161,523727,3073,396475,325289,348,68.0,96.0
Assam,Hailakandi,24.457496089385486,92.59154664804475,318,659296,337890,321406,1211,226836,180530,348,62.0,95.0
Assam,Jorhat,26.76244824016563,94.30197722567289,312,1092256,556805,535451,5651,432335,362594,348,73.0,96.0
Assam,Kamrup,26.170939452054807,91.58863273972592,321,1517542,778461,739081,3109,550219,445100,348,66.0,95.0
Assam,Karbi Anglong,26.08966454598031,93.11536570271832,314,956313,490167,466146,1923,314253,242961,348,58.0,95.0
Assam,Karimganj,24.69660712250711,92.3679498575498,317,1228686,625864,602822,1933,435942,359355,348,65.0,96.0
Assam,Kokrajhar,26.497246635730868,90.13997470997688,300,887142,452905,434237,1218,275220,214085,348,55.0,96.0
Assam,Lakhimpur,27.14128805970149,94.0775949253732,307,1042137,529674,512463,1948,375552,307934,348,66.0,97.0
Assam,Nagaon,26.26462170626351,92.9306191144708,305,2823768,1439112,1384656,5121,921850,788866,348,61.0,96.0
Assam,Nalbari,26.46323767605632,91.40598521126763,323,771639,396006,375633,1631,293184,238587,348,69.0,95.0
Assam,Sonitpur,26.73514926829268,92.85197804878044,306,1924110,983904,940206,4358,620525,488047,348,58.0,96.0
Assam,Tinsukia,27.53549291139241,95.69055949367085,309,1327929,680231,647698,5135,453449,344873,348,60.0,95.0
Bihar,Araria,26.211528119180603,87.30766554934816,209,2811569,1463333,1348236,2561,727643,468125,2035,43.0,92.0
Bihar,Aurangabad,24.774291867469877,84.45986024096379,235,2540073,1318684,1221389,2362,868733,597269,2215,58.0,93.0
Bihar,Aurangabad,24.774291867469877,84.45986024096379,515,3701282,1924469,1776813,23258,1430936,1072901,8119,68.0,92.0
Bihar,Banka,24.832355642023337,86.8664916342413,225,2034763,1067140,967623,1704,590961,374360,1738,47.0,91.0
Bihar,Begusarai,25.54302613168723,86.12560144032932,222,2970541,1567660,1402881,4644,918507,630166,2354,52.0,89.0
Bihar,Bhagalpur,25.277192885375477,87.04213814229242,224,3037766,1615663,1422103,6764,937669,635397,2814,52.0,88.0
Bihar,Bhojpur,25.50666439393939,84.49407803030304,231,2728407,1430380,1298027,3661,973486,625665,2600,59.0,91.0
Bihar,Buxar,25.48593018867924,84.08808081760995,232,1706352,887977,818375,1784,593544,396263,1556,58.0,92.0
Bihar,Darbhanga,26.146187719298258,85.97387352472099,215,3937385,2059949,1877436,6280,1125566,691068,3514,46.0,91.0
Bihar,Gaya,24.7266541547278,84.94291217765044,236,4391418,2266566,2124852,6856,1368803,928810,3998,52.0,94.0
Bihar,Gopalganj,26.44874364161851,84.34636127167629,217,2562012,1267666,1294346,3707,793905,589093,2370,54.0,102.0
Bihar,Jamui,24.78418380462726,86.26316298200514,238,1760405,916064,844341,1839,534385,324203,1516,49.0,92.0
Bihar,Jehanabad,25.155679045643165,84.9208124481328,239,1125313,585582,539731,1106,374412,244469,960,55.0,92.0
Bihar,Katihar,25.56565356037151,87.70466083591326,212,3071029,1600430,1470599,2941,762256,517934,2516,42.0,92.0
Bihar,Khagaria,25.53558891454964,86.56593256351037,223,1666886,883786,783100,1580,461153,306875,1254,46.0,89.0
Bihar,Kishanganj,26.324336758321294,87.95045007235886,210,1690400,866970,823430,1093,439921,305135,1347,44.0,95.0
Bihar,Lakhisarai,25.183449321266963,86.12825701357468,227,1000912,526345,474567,1186,305182,202088,904,51.0,90.0
Bihar,Madhepura,25.77341929460581,86.8978443983403,213,2001762,1047559,954203,1397,517666,316911,1494,42.0,91.0
Bihar,Madhubani,26.41380538172716,86.16328360450552,207,4487379,2329313,2158066,5319,1340085,815253,3520,48.0,93.0
Bihar,Munger,25.198537962962963,86.54173672839504,226,1367765,729041,638724,2653,473741,328076,1424,59.0,88.0
Bihar,Muzaffarpur,26.18664417177915,85.32745092024543,216,4801062,2527497,2273565,10290,1487117,1022115,4105,52.0,90.0
Bihar,Nalanda,25.229345508982053,85.48053113772461,229,2877653,1497060,1380593,4156,919558,600375,2578,53.0,92.0
Bihar,Nawada,24.825708836206903,85.61594568965519,237,2219146,1144668,1074478,1841,659474,431538,1924,49.0,94.0
Bihar,Pashchim Champaran,27.16064352201258,84.30265911949685,203,3935042,2061110,1873932,3495,1091226,668255,3181,45.0,91.0
Bihar,Patna,25.40297114503818,85.3198433587787,230,5838465,3078512,2759953,40692,2028047,1431632,7065,59.0,90.0
Bihar,Purba Champaran,26.68129336734693,85.00382155612242,204,5099371,2681209,2418162,7719,1407603,869354,4098,45.0,90.0
Bihar,Purnia,25.81714801901739,87.40447606973065,211,3264619,1699370,1565249,4170,805261,527065,2641,41.0,92.0
Bihar,Rohtas,24.99170460829495,83.9350762672811,234,2959918,1543546,1416372,4594,1061783,738049,1555,61.0,92.0
Bihar,Saharsa,25.821270696721303,86.54670819672135,214,1900661,997174,903487,1668,506374,298622,1582,42.0,91.0
Bihar,Samastipur,25.793205563909765,85.94833323308269,221,4261566,2230003,2031563,5379,1293575,849305,3500,50.0,91.0
Bihar,Saran,25.89656077844312,84.82266287425155,219,3951862,2022821,1929041,4509,1285767,871687,3667,55.0,95.0
Bihar,Sheikhpura,25.12472436548223,85.77839390862943,228,636342,329743,306599,631,196431,132245,565,52.0,93.0
Bihar,Sheohar,26.458380748663107,85.29539411764709,205,656246,346673,309573,478,171645,112053,489,43.0,89.0
Bihar,Sitamarhi,26.56570069686413,85.61172491289203,206,3423574,1803252,1620322,3460,885188,551606,2679,42.0,90.0
Bihar,Siwan,26.1736372013652,84.33766552901022,218,3330464,1675090,1655374,3834,1115906,814269,3014,58.0,99.0
Bihar,Supaul,26.28157893772896,86.78496465201461,208,2229076,1155283,1073793,1845,647672,385611,1836,46.0,93.0
Bihar,Vaishali,25.8134703180212,85.39247597173153,220,3495021,1844535,1650486,4810,1152576,774164,2930,55.0,89.0
Chandigarh,Chandigarh,30.7426,76.75872465753424,55,1055450,580663,474787,44283,465346,340092,34145,76.0,82.0
Chhattisgarh,Bastar,19.393866751269048,81.52895126903546,414,1413199,698487,714712,1782,382335,268528,1529,46.0,102.0
Chhattisgarh,Bilaspur,22.356942982456143,81.99770350877188,30,381956,192764,189192,1574,155599,132021,3666,75.0,98.0
Chhattisgarh,Bilaspur,22.356942982456143,81.99770350877188,406,2663629,1351574,1312055,8566,932474,664086,2981,60.0,97.0
Chhattisgarh,Dhamtari,20.554912627291245,81.7569195519348,412,799781,397897,401884,1016,303924,242909,782,68.0,101.0
Chhattisgarh,Durg,21.194463849287164,81.33181639511197,409,3343872,1682101,1661771,16141,1284612,1018766,4209,69.0,99.0
Chhattisgarh,Jashpur,22.77286167664669,83.8703962075848,402,851669,424747,426922,567,280656,214759,856,58.0,101.0
Chhattisgarh,Korba,22.491712499999995,82.57604326923074,404,1206640,612915,593725,4544,433391,315368,1565,62.0,97.0
Chhattisgarh,Koriya,23.50412776859501,82.12515636363635,400,658917,334737,324180,1667,229923,167900,852,60.0,97.0
Chhattisgarh,Mahasamund,21.223727037773354,82.65925427435384,411,1032754,511967,520787,961,364089,273874,964,62.0,102.0
Chhattisgarh,Raigarh,22.008265068493166,83.27797698630134,403,1493984,750278,743706,3342,542756,408883,1575,64.0,99.0
Chhattisgarh,Raigarh,22.008265068493166,83.27797698630134,520,2634200,1344345,1289855,38570,1059692,880302,6097,74.0,96.0
Chhattisgarh,Raipur,20.88603153846152,82.20032759615388,410,4063872,2048186,2015686,20261,1493158,1136591,4561,65.0,98.0
Chhattisgarh,Surguja,23.32719278728607,83.23582493887531,401,2359886,1193129,1166757,2737,694686,493255,2462,50.0,98.0
Daman and Diu,Daman,20.431616666666677,72.8392366071429,495,191173,124659,66514,1316,104316,46032,34145,79.0,53.0
Daman and Diu,Junagadh,20.72568199498111,70.83985639899612,479,2743082,1404356,1338726,6628,1046981,795837,5549,67.0,95.0
Goa,North Goa,15.548723418714054,73.80667997909038,585,818008,416677,401331,23440,351738,311322,2078,81.0,96.0
Goa,South Goa,15.195278658183785,73.941792596877,586,640537,322463,318074,17624,264085,238342,1646,78.0,99.0
Gujarat,Ahmadabad,22.605425564971743,72.23898135593227,474,7214225,3788051,3426174,126341,3025463,2410297,18633,75.0,90.0
Gujarat,Amreli,21.04832649310872,71.43457637825426,480,1514190,771049,743141,2538,558180,437279,2825,66.0,96.0
Gujarat,Anand,22.282718206229863,72.57782051557454,482,2092745,1087224,1005521,9902,874481,676772,4372,74.0,92.0
Gujarat,Banas Kantha,24.258538965517253,71.93205252873561,469,3120506,1610379,1510127,3424,1048402,656521,4242,55.0,94.0
Gujarat,Bharuch,21.75787276237761,72.67326346710801,488,1551019,805707,745312,10257,623047,495229,3242,72.0,93.0
Gujarat,Bhavnagar,21.70219390341736,72.16272632761141,481,2880365,1490201,1390164,7297,1087371,799884,5434,66.0,93.0
Gujarat,Gandhinagar,23.193679790026252,72.67221679790026,473,1391753,723864,667889,12107,582686,447808,6016,74.0,92.0
Gujarat,Jamnagar,22.410600414263328,69.62062005768233,477,2160119,1114192,1045927,11573,795140,601394,5028,65.0,94.0
Gujarat,Junagadh,20.929523011609785,70.54733890140345,479,2743082,1404356,1338726,6628,1046981,795837,5549,67.0,95.0
Gujarat,Kachchh,23.48057203301311,68.82192301497916,468,2092371,1096737,995634,9631,739239,513080,4146,60.0,91.0
Gujarat,Kheda,22.88765312500002,73.018803515625,483,2299885,1185727,1114158,5710,942480,717763,4252,72.0,94.0
Gujarat,Mahesana,23.529355452865065,72.45545194085031,471,2035064,1056520,978544,7759,847499,655146,3648,74.0,93.0
Gujarat,Narmada,21.70666386292833,73.68403208722742,487,590297,301086,289211,576,211767,158569,979,63.0,96.0
Gujarat,Navsari,20.866973318871995,72.86184869848157,490,1329672,678165,651507,6726,539471,462438,3256,75.0,96.0
Gujarat,Panch Mahals,22.80435606837605,73.61984598290586,484,2390776,1226961,1163815,3456,858054,582751,3981,60.0,95.0
Gujarat,Patan,23.80634198473284,71.75162977099237,470,1343734,694397,649337,2231,494631,343282,2199,62.0,94.0
Gujarat,Porbandar,21.55092351651571,69.71896987722886,478,585449,300209,285240,1653,221621,172057,1463,67.0,95.0
Gujarat,Rajkot,22.40603377715488,70.83679439383323,476,3804558,1974445,1830113,21785,1514075,1210981,8498,72.0,93.0
Gujarat,Sabar Kantha,23.71803594548552,73.13638790459964,472,2428589,1244231,1184358,5262,918625,660109,3934,65.0,95.0
Gujarat,Surat,21.25761372772093,72.93488716344339,492,6081322,3402224,2679098,55694,2687468,1883942,16368,75.0,79.0
Gujarat,Surendranagar,22.82672007299272,71.48358740875906,475,1756268,909917,846351,2975,643221,450405,3227,62.0,93.0
Gujarat,The Dangs,20.801633877551023,73.6883518367347,489,228291,113821,114470,137,77314,63654,325,62.0,101.0
Gujarat,Vadodara,22.26133739279589,73.49433010291594,486,4165626,2153736,2011890,53606,1614087,1278993,9753,69.0,93.0
Gujarat,Valsad,20.44238231644259,72.9148584798345,491,1705678,887222,818456,11020,655528,515129,3316,69.0,92.0
Haryana,Ambala,30.3503672316384,76.94970310734456,70,1128350,598703,529647,12899,461288,356737,2781,72.0,88.0
Haryana,Bhiwani,28.728868064516128,76.02110225806452,81,1634445,866672,767773,5292,643158,426713,3349,65.0,89.0
Haryana,Faridabad,28.14873109756098,77.32718536585368,88,1809733,966110,843623,43437,734940,537799,5080,70.0,87.0
Haryana,Fatehabad,29.57298318584072,75.54608716814157,78,942011,495360,446651,3210,327471,230107,1854,59.0,90.0
Haryana,Gurgaon,28.043894789579163,77.01935130260523,86,1514432,816690,697742,67087,638666,472450,3107,73.0,85.0
Haryana,Hisar,29.23628731117825,75.84324682779452,80,1743931,931562,812369,10132,670200,444111,3642,64.0,87.0
Haryana,Jhajjar,28.59651868131869,76.61137142857145,83,958405,514667,443738,5034,399480,276611,2169,71.0,86.0
Haryana,Jind,29.45149821958457,76.29598575667653,77,1334152,713006,621146,5263,502049,330709,2674,62.0,87.0
Haryana,Kaithal,29.96068539094649,76.37698930041155,73,1074304,571003,503301,3724,385782,260747,2046,60.0,88.0
Haryana,Karnal,29.703200647249204,76.87488025889972,74,1505324,797712,707612,11163,564516,413497,3368,65.0,89.0
Haryana,Kurukshetra,30.05652659846548,76.78774680306903,72,964655,510976,453679,7356,370828,276065,2137,67.0,89.0
Haryana,Mahendragarh,28.1352161458333,76.14018072916659,84,922088,486665,435423,2624,380440,249815,1894,68.0,89.0
Haryana,Panchkula,30.700897142857134,76.97173238095236,69,561293,299679,261614,18615,229862,175456,1445,72.0,87.0
Haryana,Panipat,29.34352134146342,76.92895914634147,75,1205437,646857,558580,10024,464136,322463,2559,65.0,86.0
Haryana,Rewari,28.19164714828897,76.55956007604564,85,900332,474335,425997,5121,375453,261494,1979,71.0,90.0
Haryana,Rohtak,28.892517647058817,76.53123235294117,82,1061204,568479,492725,8482,436025,311557,2299,70.0,87.0
Haryana,Sirsa,29.63583446327684,74.90970480225988,79,1295189,682582,612607,6287,456968,325929,2681,60.0,90.0
Himachal Pradesh,Bilaspur,31.3780422907489,76.65316079295157,30,381956,192764,189192,1574,155599,132021,3666,75.0,98.0
Himachal Pradesh,Bilaspur,31.3780422907489,76.65316079295157,406,2663629,1351574,1312055,8566,932474,664086,2981,60.0,97.0
Himachal Pradesh,Chamba,32.66741814595661,76.39354063116366,23,519080,261320,257760,1615,186064,137778,950,62.0,99.0
Himachal Pradesh,Hamirpur,31.67668481012659,76.49767088607594,28,454768,217070,237698,2521,180555,177536,878,79.0,110.0
Himachal Pradesh,Hamirpur,31.67668481012659,76.49767088607594,168,1104285,593537,510748,1196,408125,245174,1291,59.0,86.0
Himachal Pradesh,Kangra,32.14093603238864,76.41205910931173,24,1510075,750591,759484,8053,606443,546197,2878,76.0,101.0
Himachal Pradesh,Kinnaur,31.60667184065933,78.51613736263741,34,84121,46249,37872,354,36697,24002,181,72.0,82.0
Himachal Pradesh,Kullu,31.90911922077925,77.40922649350647,26,437903,225452,212451,2623,174550,133122,854,70.0,94.0
Himachal Pradesh,Mandi,31.635805940594054,76.96556930693067,27,999777,498065,501712,5333,393669,330078,1842,72.0,101.0
Himachal Pradesh,Shimla,31.155725451807253,77.62573042168668,33,814010,425039,388971,9177,342846,269796,1668,75.0,92.0
Himachal Pradesh,Sirmaur,30.682764453961443,77.43184689507493,32,529855,276289,253566,2220,205617,157028,930,68.0,92.0
Himachal Pradesh,Solan,31.03864311926604,76.94442140672783,31,580320,308754,271566,5250,244372,184206,1253,74.0,88.0
Himachal Pradesh,Una,31.58330388349513,76.18353932038836,29,521173,263692,257481,2412,213281,186434,987,77.0,98.0
Jammu and Kashmir,Doda,33.359614675767915,76.07163720136518,16,409936,213641,196295,596,138620,80463,1103,53.0,92.0
Jammu and Kashmir,Jammu,32.713199095022645,74.8477520361991,21,1529958,813821,716137,19905,641916,495219,3525,74.0,88.0
Jammu and Kashmir,Kargil,33.565994894894914,76.63675315315312,4,140802,77785,63017,235,56301,29935,214,61.0,81.0
Jammu and Kashmir,Kathua,32.51781678321678,75.58901398601404,7,616435,326109,290326,1443,228499,160705,936,63.0,89.0
Jammu and Kashmir,Pulwama,33.88414418604652,75.00921860465118,12,560440,293064,267376,1537,178326,115632,1068,52.0,91.0
Jammu and Kashmir,Punch,33.791241290322574,74.29593161290322,5,476835,251899,224936,346,163333,98391,629,55.0,89.0
Jammu and Kashmir,Srinagar,34.27312898550724,75.11021159420288,10,1236829,651124,585705,16413,431746,316838,3099,61.0,90.0
Jammu and Kashmir,Udhampur,33.04770670731707,75.15286951219511,19,554985,296784,258201,1214,197543,124811,1278,58.0,87.0
Jharkhand,Bokaro,23.6814965034965,85.98398374125864,355,2062330,1072807,989523,9754,759088,514432,3604,62.0,92.0
Jharkhand,Chatra,24.11619945750453,84.93295804701627,347,1042886,533935,508951,590,303902,206159,817,49.0,95.0
Jharkhand,Deoghar,24.33070100755672,86.75697632241814,350,1492073,775022,717051,1944,489837,303701,1267,53.0,93.0
Jharkhand,Dhanbad,23.854509090909097,86.40372924901185,354,2684487,1405956,1278531,11568,1014950,707254,3954,64.0,91.0
Jharkhand,Dumka,24.275006125574265,87.27662450229711,362,1321442,668514,652928,1193,406275,266134,1323,51.0,98.0
Jharkhand,Garhwa,24.082114689265527,83.68664265536722,346,1322784,683575,639209,565,405161,248315,1017,49.0,94.0
Jharkhand,Giridih,24.30578509874329,86.08710915619386,349,2445474,1258098,1187376,1944,783736,469739,2384,51.0,94.0
Jharkhand,Godda,24.8189,87.2941735483871,351,1313551,677927,635624,874,376212,228307,1057,46.0,94.0
Jharkhand,Gumla,23.078532948929148,84.55056787479396,366,1025213,514390,510823,831,321795,237925,849,55.0,99.0
Jharkhand,Jamtara,23.97873318077801,86.95325080091534,363,791042,404830,386212,808,258260,168052,540,54.0,95.0
Jharkhand,Latehar,23.72511185840708,84.48298743362837,359,726978,369666,357312,340,209706,140976,547,48.0,97.0
Jharkhand,Lohardaga,23.488796043165483,84.6605169064748,356,461790,232629,229161,351,149568,110139,388,56.0,99.0
Jharkhand,Pakur,24.57260428082189,87.69691969178076,353,900422,452661,447761,328,206989,145892,691,39.0,99.0
Jharkhand,Palamu,24.196925968109337,84.20310842824594,358,1939869,1006302,933567,2155,621706,402857,1515,53.0,93.0
Jharkhand,Ranchi,23.184235061391547,85.31781937244203,364,2914253,1494937,1419316,22538,1085244,826189,3805,66.0,95.0
Jharkhand,Sahibganj,24.93667989690721,87.68264097938142,352,1150567,589391,561176,591,287303,195960,954,42.0,95.0
Jharkhand,Simdega,22.608760391198054,84.59193691931536,367,599578,300309,299269,423,191991,151492,496,57.0,100.0
Karnataka,Bagalkot,16.15860676328503,75.64526070853468,556,1889752,950111,939641,3745,641388,472024,2890,59.0,99.0
Karnataka,Bangalore Rural,12.936827087794448,77.47369314775169,583,990923,509172,481751,3729,385311,303438,1422,70.0,95.0
Karnataka,Belgaum,16.16107219152853,74.72329042357275,555,4779661,2423063,2356598,17560,1725548,1326484,7045,64.0,97.0
Karnataka,Bellary,15.074377548209377,76.47228471074374,565,2452595,1236954,1215641,9626,813440,608181,3886,58.0,98.0
Karnataka,Bidar,17.950361730769224,77.19459961538459,558,1703300,870665,832635,3971,597198,445475,2448,61.0,96.0
Karnataka,Bijapur,16.84015316666667,75.95909166666665,417,255230,128663,126567,117,54076,32843,1387,34.0,98.0
Karnataka,Bijapur,16.84015316666667,75.95909166666665,557,2177331,1111022,1066309,4987,730566,517702,2938,57.0,96.0
Karnataka,Chikmagalur,13.425288289676422,75.67626502311249,570,1137961,566622,571339,4510,438257,380088,1996,72.0,101.0
Karnataka,Chitradurga,14.29102220394736,76.57821957236843,566,1659456,840843,818613,5711,607188,480204,2374,66.0,97.0
Karnataka,Davanagere,14.330414586709884,75.91723841166937,567,1945497,986400,959097,7320,720637,587903,3062,67.0,97.0
Karnataka,Dharwad,15.343831376975173,75.13831264108359,562,1847023,937206,909817,15013,711776,589888,3519,70.0,97.0
Karnataka,Gadag,15.507128256880746,75.64861302752298,561,1064570,537147,527423,3373,397178,302999,1699,66.0,98.0
Karnataka,Gulbarga,17.070459515951594,76.87503850385033,579,2566326,1301755,1264571,9752,828359,599009,5378,56.0,97.0
Karnataka,Hassan,12.945098749999998,76.11049549999997,574,1776421,883667,892754,4851,668836,556420,2743,69.0,101.0
Karnataka,Haveri,14.737582809224318,75.3961230607966,564,1597668,819128,778540,2456,603793,481650,2240,68.0,95.0
Karnataka,Kodagu,12.39684468085106,75.79336595744688,576,554519,274608,279911,3308,215302,197575,942,74.0,102.0
Karnataka,Kolar,13.312799881235172,78.01376947743476,581,1536401,776396,760005,5051,564110,452109,3389,66.0,98.0
Karnataka,Koppal,15.651253271028034,76.1617048598131,560,1389920,699926,689994,2135,468785,340300,1889,58.0,99.0
Karnataka,Mandya,12.574901806239744,76.81570098522172,573,1805769,905085,900684,3367,638668,510981,2628,64.0,100.0
Karnataka,Mysore,12.248100259403367,76.52881802853437,577,3001127,1511600,1489527,28397,1063766,898414,4995,65.0,99.0
Karnataka,Raichur,16.050795353982295,76.87368606194688,559,1928812,964511,964301,5200,577213,402556,2672,51.0,100.0
Karnataka,Shimoga,14.063845885634592,75.17882078103197,568,1752753,877415,875338,8791,674938,588078,3119,72.0,100.0
Karnataka,Tumkur,13.592467760074973,77.02297966260545,571,2678980,1350594,1328386,7971,1006024,807367,4067,68.0,98.0
Karnataka,Udupi,13.450404228534568,74.72009990316337,569,1177361,562131,615230,9070,465704,460725,2100,79.0,109.0
Kerala,Alappuzha,9.542602965599087,76.38010796263319,598,2127789,1013142,1114647,28842,890552,962245,3368,87.0,110.0
Kerala,Ernakulam,10.004879301987431,76.26957729035381,595,3282388,1619557,1662831,88737,1425723,1429953,6274,87.0,103.0
Kerala,Idukki,9.80480963855423,77.04586641566264,596,1108974,552808,556166,8250,471881,451129,1374,83.0,101.0
Kerala,Kannur,11.941523076923056,75.35209891725934,589,2523003,1181446,1341557,32653,1012956,1125478,4432,85.0,114.0
Kerala,Kasaragod,12.33310309912974,75.07768497134369,588,1307375,628613,678762,10378,516476,521016,1988,79.0,108.0
Kerala,Kollam,8.929388820570157,76.6360775852431,600,2635375,1246968,1388407,31542,1074345,1165928,3910,85.0,111.0
Kerala,Kottayam,9.643701174068417,76.46059673302705,597,1974551,968289,1006262,37849,861592,888206,3071,89.0,104.0
Kerala,Kozhikode,11.392924270557026,75.71158720159153,591,3086293,1470942,1615351,36791,1266939,1348504,4594,85.0,110.0
Kerala,Malappuram,10.97329875666072,75.93910775606876,592,4112920,1960328,2152592,27909,1597404,1713911,4838,81.0,110.0
Kerala,Palakkad,10.784926903553291,76.49980490693744,593,2809934,1359478,1450456,27162,1122600,1116892,3929,80.0,107.0
Kerala,Thiruvananthapuram,8.537101759082221,76.88711502868073,601,3301427,1581678,1719749,71621,1354857,1430551,5770,84.0,109.0
Kerala,Thrissur,10.458932647907687,76.12321940836945,594,3121200,1480763,1640437,56148,1282261,1396287,5612,86.0,111.0
Kerala,Wayanad,11.715277464788736,76.07587007042254,590,817420,401684,415736,4712,328136,317449,1095,79.0,103.0
Madhya Pradesh,Anuppur,23.18184220430107,81.86560000000007,461,749237,379114,370123,1290,254120,182475,787,58.0,98.0
Madhya Pradesh,Ashoknagar,24.63098846153845,77.82974493927134,459,845071,443837,401234,619,290304,178805,861,56.0,90.0
Madhya Pradesh,Balaghat,21.80020720640569,80.42170053380796,457,1701698,842178,859520,1712,626468,521155,1709,67.0,102.0
Madhya Pradesh,Barwani,21.702135714285724,74.91004719710673,441,1385881,699340,686541,1158,313642,236284,1336,40.0,98.0
Madhya Pradesh,Betul,21.964626315789477,77.7873428189117,447,1575362,799236,776126,2109,529783,409986,1845,60.0,97.0
Madhya Pradesh,Bhind,26.35951126187245,78.7618324287653,420,1703005,926843,776162,1166,676513,418404,1786,64.0,84.0
Madhya Pradesh,Bhopal,23.480726143790854,77.39246623093679,444,2371061,1236130,1134931,40788,920314,740376,4298,70.0,92.0
Madhya Pradesh,Burhanpur,21.364567254408065,76.24460478589425,467,757847,388504,369343,986,233073,175606,989,54.0,95.0
Madhya Pradesh,Chhatarpur,24.813637376460004,79.56449299191374,425,1762375,936121,826254,1880,572010,371023,1947,54.0,88.0
Madhya Pradesh,Chhindwara,22.227966971713823,78.76413136439254,455,2090922,1064468,1026454,3588,731294,562904,2513,62.0,96.0
Madhya Pradesh,Damoh,23.76624407960196,79.47049303482588,428,1264219,661873,602346,1432,445737,301978,1359,59.0,91.0
Madhya Pradesh,Datia,25.90226439560441,78.63916571428574,422,786754,420157,366597,616,303815,187630,951,62.0,87.0
Madhya Pradesh,Dewas,22.7851110021322,76.46088805970157,437,1563715,805359,758356,3518,550716,374653,1899,59.0,94.0
Madhya Pradesh,Dhar,22.572681718963157,75.1105620736698,438,2185793,1112725,1073068,2388,638479,438859,2470,49.0,96.0
Madhya Pradesh,Dindori,22.83738437047757,81.04332966714911,453,704524,351913,352611,554,222759,155955,652,54.0,100.0
Madhya Pradesh,Guna,24.49043927178156,77.2235895968791,458,1241519,649362,592157,2482,400537,253443,1302,53.0,91.0
Madhya Pradesh,Gwalior,26.04074441964285,78.12782433035713,421,2032036,1090327,941709,15779,803114,554096,2830,67.0,86.0
Madhya Pradesh,Harda,22.227659781121783,77.07022571819435,448,570465,294838,275627,986,203807,148743,619,62.0,93.0
Madhya Pradesh,Hoshangabad,22.595268801996703,78.02168094841929,449,1241350,648725,592625,2871,469199,341445,1535,65.0,91.0
Madhya Pradesh,Indore,22.680265752128648,75.9133801324502,439,3276697,1699627,1577070,48691,1289631,1019499,5783,70.0,93.0
Madhya Pradesh,Jabalpur,23.18525572327043,79.98328754716981,451,2463289,1277278,1186011,20443,980307,776161,3776,71.0,93.0
Madhya Pradesh,Jhabua,22.419578015397768,74.40921616766468,464,1025048,515023,510025,744,214582,137499,1612,34.0,99.0
Madhya Pradesh,Katni,23.724416229116937,80.33819665871127,450,1292042,662013,630029,2179,460583,330190,1476,61.0,95.0
Madhya Pradesh,Mandla,22.70348712446353,80.38600543633753,454,1054905,525272,529633,912,348033,256929,1043,57.0,101.0
Madhya Pradesh,Mandsaur,24.19278764044944,75.43588667736759,433,1340411,682851,657560,2324,502898,331693,1475,62.0,96.0
Madhya Pradesh,Morena,26.37313504531724,77.88447341389724,419,1965970,1068417,897553,1781,747652,432033,1924,60.0,84.0
Madhya Pradesh,Neemuch,24.70311893333336,75.06608186666664,432,826067,422653,403414,1945,307889,200945,1026,62.0,95.0
Madhya Pradesh,Panna,24.451325840092657,80.21133001158752,426,1016520,533480,483040,653,332140,220419,1034,54.0,91.0
Madhya Pradesh,Raisen,23.292518206521724,78.16305495923909,446,1331597,700358,631239,1141,479093,341127,1460,62.0,90.0
Madhya Pradesh,Rajgarh,23.785499026425583,76.66431223922116,442,1545814,790212,755602,1611,488797,315448,1629,52.0,96.0
Madhya Pradesh,Ratlam,23.503562290502792,75.14895782122909,434,1455069,738241,716828,3644,485090,340790,1700,57.0,97.0
Madhya Pradesh,Rewa,24.861184625158856,81.57572465057183,430,2365106,1225100,1140006,3406,845572,596185,2756,61.0,93.0
Madhya Pradesh,Sagar,23.800318709677374,78.71940357771273,427,2378458,1256257,1122201,4546,908607,637112,2771,65.0,89.0
Madhya Pradesh,Satna,24.62777621776502,80.75547048710598,429,2228935,1157495,1071440,3754,801051,570730,2641,62.0,93.0
Madhya Pradesh,Sehore,22.9297199679658,77.06780202883085,445,1311332,683743,627589,1566,469208,311154,1442,60.0,92.0
Madhya Pradesh,Seoni,22.33230487804874,79.66053863928111,456,1379131,695879,683252,1182,485341,378853,1369,63.0,98.0
Madhya Pradesh,Shahdol,23.44859864559819,81.4596831828442,460,1066063,540021,526042,1733,348761,255433,1302,57.0,97.0
Madhya Pradesh,Shajapur,23.566620317220547,76.33555181268885,436,1512681,780520,732161,1382,543509,351103,1647,59.0,94.0
Madhya Pradesh,Sheopur,25.78014810996563,77.16911116838484,418,687861,361784,326077,273,208201,119824,693,48.0,90.0
Madhya Pradesh,Shivpuri,25.37802451874367,77.74861600810549,423,1726050,919795,806255,1852,573242,327604,1827,52.0,88.0
Madhya Pradesh,Sidhi,24.17547189952905,82.1053783359498,462,1127033,575912,551121,837,353030,247755,3019,53.0,96.0
Madhya Pradesh,Tikamgarh,25.14099852104666,78.89357064846428,424,1445166,760355,684811,1090,459353,288587,1591,52.0,90.0
Madhya Pradesh,Ujjain,23.319288862745065,75.80383717647058,435,1986864,1016289,970575,7501,730817,510173,2599,62.0,96.0
Madhya Pradesh,Umaria,23.59601063063061,80.90879477477475,431,644758,330674,314084,839,210907,145765,692,55.0,95.0
Madhya Pradesh,Vidisha,23.82838307984792,77.9013507604563,443,1458875,769568,689307,1926,512344,350574,1583,59.0,90.0
Maharashtra,Akola,20.746310479041902,77.12122320359276,501,1813906,932334,881572,6163,758977,652304,3948,78.0,95.0
Maharashtra,Amravati,21.16520991810736,77.67583503184723,503,2888445,1480768,1407677,9438,1207104,1044771,6236,78.0,95.0
Maharashtra,Aurangabad,20.0979228832952,75.32072196796334,235,2540073,1318684,1221389,2362,868733,597269,2215,58.0,93.0
Maharashtra,Aurangabad,20.0979228832952,75.32072196796334,515,3701282,1924469,1776813,23258,1430936,1072901,8119,68.0,92.0
Maharashtra,Bhandara,21.211792649727748,80.10950199637024,506,1200334,605520,594814,2932,488709,411151,2237,75.0,98.0
Maharashtra,Bid,18.952353340080982,75.69319706477731,523,2585049,1349106,1235943,5614,987185,731322,4179,66.0,92.0
Maharashtra,Buldana,20.56680611183355,76.39017880364096,500,2586258,1337560,1248698,4767,1048892,830982,4421,73.0,93.0
Maharashtra,Chandrapur,20.095609090909075,79.31556380471388,509,2204307,1123834,1080473,8239,872565,706050,5085,72.0,96.0
Maharashtra,Dhule,21.274018690400517,74.58719071837263,498,2050862,1054031,996831,6065,723388,570528,3583,63.0,95.0
Maharashtra,Gondiya,21.225008411214997,80.17522698598128,507,1322507,661554,660953,2866,542837,461406,2183,76.0,100.0
Maharashtra,Hingoli,19.59525302245251,77.09239412780653,512,1177345,606294,571051,1221,450551,340192,1853,67.0,94.0
Maharashtra,Jalgaon,20.8828943415638,75.55140421810695,499,4229917,2197365,2032552,14297,1629223,1262659,7988,68.0,92.0
Maharashtra,Jalna,19.984612534818933,75.98473607242339,514,1959046,1011473,947573,3791,699428,496095,3363,61.0,94.0
Maharashtra,Kolhapur,16.44881301587301,74.12897150793648,530,3876001,1980658,1895343,22269,1559760,1266085,8464,73.0,96.0
Maharashtra,Latur,18.348687268993856,76.75812607802874,524,2454196,1273140,1181056,6217,932432,718240,4574,67.0,93.0
Maharashtra,Nagpur,21.196556862745105,79.02166176470584,505,4653570,2384975,2268595,57964,1959220,1714588,14073,79.0,95.0
Maharashtra,Nanded,19.209316983017,77.6829048951049,511,3361292,1730075,1631217,7548,1255222,934203,6214,65.0,94.0
Maharashtra,Nandurbar,21.523175625248147,74.32638757443429,497,1648295,833170,815125,2579,512099,394410,2446,55.0,98.0
Maharashtra,Nashik,20.266912871287143,74.03824168316828,516,6107187,3157186,2950001,45039,2397538,1947828,13629,71.0,93.0
Maharashtra,Osmanabad,18.19459456066944,75.99495575313809,525,1657576,861535,796041,3209,644304,493506,2786,69.0,92.0
Maharashtra,Parbhani,19.31032425249168,76.70163338870431,513,1836086,942870,893216,3982,666291,491523,3410,63.0,95.0
Maharashtra,Pune,18.51696171428573,74.12922881632647,521,9429408,4924105,4505303,235018,3940210,3231513,27223,76.0,91.0
Maharashtra,Raigarh,18.453257637845976,73.0090609418579,403,1493984,750278,743706,3342,542756,408883,1575,64.0,99.0
Maharashtra,Raigarh,18.453257637845976,73.0090609418579,520,2634200,1344345,1289855,38570,1059692,880302,6097,74.0,96.0
Maharashtra,Ratnagiri,17.210195070127703,73.25725893866404,528,1615069,761121,853948,7752,619012,580380,3484,74.0,112.0
Maharashtra,Sangli,17.154930181086502,74.70713822937628,531,2822143,1435728,1386415,13212,1121550,927917,5798,73.0,97.0
Maharashtra,Satara,17.6737908974359,74.18052064102558,527,3003741,1510842,1492899,14093,1201034,1024660,5649,74.0,99.0
Maharashtra,Sindhudurg,16.170948049777163,73.51329008172343,529,849651,417332,432319,3517,348289,317778,1749,78.0,104.0
Maharashtra,Solapur,17.837357937584812,75.42394823609216,526,4317756,2227852,2089904,15145,1651266,1259410,8995,67.0,94.0
Maharashtra,Thane,19.698767747440264,72.79882742564581,517,11060148,5865078,5195070,256170,4591396,3635765,35118,74.0,89.0
Maharashtra,Wardha,20.80743024390242,78.57259105691062,504,1300774,668385,632389,4313,552617,466841,2754,78.0,95.0
Maharashtra,Washim,20.282282394366213,77.25502394366208,502,1197160,620302,576858,1875,487703,382214,1942,73.0,93.0
Maharashtra,Yavatmal,20.04258346738159,78.05326371760479,510,2772348,1419965,1352383,6094,1115980,906594,4937,73.0,95.0
Manipur,Bishnupur,24.50712111801243,93.8246236024845,275,237399,118782,118617,676,87313,69020,226,66.0,100.0
Manipur,Chandel,24.2635812987013,94.09443844155844,280,144182,74579,69603,184,51053,39249,250,63.0,93.0
Manipur,Churachandpur,24.30309718875504,93.38671506024085,274,274143,138820,135323,837,104013,91922,327,71.0,97.0
Manipur,Senapati,25.08465586034914,94.03366234413956,272,479148,247323,231825,256,148012,116465,823,55.0,94.0
Manipur,Tamenglong,24.98312942238265,93.49450740072204,273,140651,72371,68280,125,47403,37603,90,60.0,94.0
Manipur,Thoubal,24.545392553191498,93.97959893617023,276,422168,210845,211323,880,152617,116687,539,64.0,100.0
Manipur,Ukhrul,25.05900314960629,94.44129566929138,279,183998,94718,89280,276,70148,59681,79,71.0,94.0
Meghalaya,East Garo Hills,25.82728228228228,90.64684924924916,294,317917,161223,156694,288,102513,89634,450,60.0,97.0
Meghalaya,East Khasi Hills,25.303763888888884,91.75922519841272,298,825922,410749,415173,5032,287270,290760,1456,70.0,101.0
Meghalaya,Jaintia Hills,25.33959557069844,92.37608160136298,299,395124,196285,198839,510,87371,100156,528,47.0,101.0
Meghalaya,South Garo Hills,25.240568578553614,90.64560349127176,295,142334,73170,69164,179,45003,37059,139,58.0,95.0
Meghalaya,West Garo Hills,25.495285185185185,90.03709947089942,293,643291,324159,319132,1630,193438,165264,791,56.0,98.0
Meghalaya,West Khasi Hills,25.500889926739926,91.25364542124538,296,383461,193715,189746,149,117307,113371,479,60.0,98.0
Mizoram,Aizawl,23.90781335453101,92.85359459459472,283,400309,199270,201039,4019,169547,171048,963,85.0,101.0
Mizoram,Champhai,23.54166580976866,93.24221799485862,284,125745,63388,62357,186,51440,49362,187,80.0,98.0
Mizoram,Kolasib,24.2020004347826,92.73470391304348,282,83955,42918,41037,367,34147,31748,142,78.0,96.0
Mizoram,Lawngtlai,22.36102843137253,92.66964156862753,287,117894,60599,57295,162,36444,26417,242,53.0,95.0
Mizoram,Lunglei,23.007717036172675,92.63512555425892,286,161428,82891,78537,482,64515,56607,274,75.0,95.0
Mizoram,Mamit,23.73852942502819,92.4330803833147,281,86364,44828,41536,90,32977,27214,94,70.0,93.0
Mizoram,Saiha,22.35744801061008,93.02827931034489,288,56574,28594,27980,168,21861,20372,88,75.0,98.0
Mizoram,Serchhip,23.263864705882344,92.914158496732,285,64937,32851,32086,131,27598,26878,118,84.0,98.0
Nagaland,Dimapur,25.814176811594223,93.75074057971014,265,378811,197394,181417,3303,150142,127895,866,73.0,92.0
Nagaland,Kohima,25.60311428571428,93.78600657596373,270,267988,138966,129022,1928,107038,90451,677,74.0,93.0
Nagaland,Mokokchung,26.478911764705888,94.522426006192,262,194622,101092,93530,537,83479,76015,346,82.0,93.0
Nagaland,Mon,26.69207374301676,95.03072988826828,261,250260,131753,118507,178,67432,52194,381,48.0,90.0
Nagaland,Phek,25.63272986577182,94.56814563758392,266,163418,83743,79675,170,57926,47967,219,65.0,95.0
Nagaland,Tuensang,26.21104453280316,94.85809880715708,267,196596,101933,94663,155,63653,53858,228,60.0,93.0
Nagaland,Wokha,26.202611551155112,94.1990815181518,264,166343,84505,81838,198,67385,60823,359,77.0,97.0
Nagaland,Zunheboto,26.028178205128206,94.50026666666668,263,140757,71217,69540,261,53504,49377,275,73.0,98.0
Orissa,Baleshwar,21.48570932311624,87.08085828011933,377,2320529,1185787,1134742,7370,902359,718873,2664,70.0,96.0
Orissa,Bhadrak,20.95262735257214,86.81496204516931,378,1506337,760260,746077,2637,596269,497871,1711,73.0,98.0
Orissa,Cuttack,20.407640646029623,85.7776810228802,381,2624470,1352760,1271710,15046,1103033,908436,3852,77.0,94.0
Orissa,Dhenkanal,20.79887159353349,85.53226836027711,383,1192811,612593,580218,1810,464093,365817,1334,70.0,95.0
Orissa,Gajapati,19.121080882352945,84.14015091911759,389,577817,282882,294935,635,153663,108874,617,45.0,104.0
Orissa,Ganjam,19.2632617564534,84.80297710437702,388,3529031,1779218,1749813,9049,1262652,947398,4377,63.0,98.0
Orissa,Jharsuguda,21.827058566978184,83.93581682242987,371,579505,296690,282815,2498,228092,177787,870,70.0,95.0
Orissa,Kalahandi,19.784253092783523,83.1124043814433,395,1576869,787101,789768,1953,484177,317859,1562,51.0,100.0
Orissa,Kandhamal,20.092878624813142,84.02216352765326,390,733110,359945,373165,768,233900,165886,739,55.0,104.0
Orissa,Kendrapara,20.606319815982264,86.83763247572003,379,1440361,717814,722547,1628,579970,509295,1540,76.0,101.0
Orissa,Khordha,20.054162322274863,85.52234834123229,386,2251673,1167137,1084536,35701,957515,792421,4186,78.0,93.0
Orissa,Koraput,18.82627794779476,82.81278469846964,398,1379647,678809,700838,3988,340843,227247,1519,41.0,103.0
Orissa,Malkangiri,18.25227930367506,81.98293636363628,399,613192,303624,309568,448,147001,97705,564,40.0,102.0
Orissa,Mayurbhanj,21.897621545157754,86.4030408052231,376,2519738,1256213,1263525,2950,794171,575226,2747,54.0,101.0
Orissa,Nayagarh,20.192895622119817,85.05614700460825,385,962789,502636,460153,1163,392333,296029,984,71.0,92.0
Orissa,Nuapada,20.471309512195116,82.59152536585364,394,610382,301962,308420,757,180903,118480,205,49.0,102.0
Orissa,Puri,19.83509174603177,85.86698989898981,387,1698730,865380,833350,3416,704857,587082,2027,76.0,96.0
Orissa,Rayagada,19.292840020060204,83.45860120361095,396,967911,471960,495951,1553,241959,165776,1074,42.0,105.0
Orissa,Sambalpur,21.515752380952385,84.34958483245157,372,1041099,526877,514222,5231,393192,310499,1548,68.0,98.0
Orissa,Sundargarh,22.06354819277107,84.50524819277099,374,2093437,1061147,1032290,12787,750147,592175,3130,64.0,97.0
Puducherry,Karaikal,10.876161726078813,79.82369793621002,637,200222,97809,102413,1868,79903,75013,4890,77.0,105.0
Puducherry,Mahe,12.006420793787758,75.28275021570326,636,41816,19143,22673,574,16610,19860,10027,87.0,118.0
Puducherry,Yanam,16.707695652173904,82.26187304347832,634,55626,27301,28325,207,19919,19355,10027,71.0,104.0
Punjab,Amritsar,31.548679820627772,74.79883856502238,49,2490656,1318408,1172248,29961,932981,751789,6979,68.0,89.0
Punjab,Bathinda,30.190524611973352,75.05685898004438,46,1388525,743197,645328,11284,488261,356607,3365,61.0,87.0
Punjab,Faridkot,30.591187250996025,74.79751553784862,45,617508,326671,290837,4348,215767,165518,1540,62.0,89.0
Punjab,Fatehgarh Sahib,30.64290947368421,76.36208394736842,40,600163,320795,279368,5138,238696,187337,1640,71.0,87.0
Punjab,Firozpur,30.63407535211269,74.40245732394365,43,2029074,1071637,957437,10042,707070,520441,4283,60.0,89.0
Punjab,Gurdaspur,32.04283371212125,75.3204064393939,35,2298323,1212617,1085706,14428,907660,727059,5982,71.0,90.0
Punjab,Hoshiarpur,31.55157169811319,75.8469857442349,38,1586625,809057,777568,13747,637927,561772,4305,76.0,96.0
Punjab,Jalandhar,31.250336907216507,75.54400350515463,37,2193590,1145211,1048379,39082,882581,739956,6883,74.0,92.0
Punjab,Kapurthala,31.336592638036837,75.47641165644177,36,815168,426311,388857,9732,316254,260313,2472,71.0,91.0
Punjab,Ludhiana,30.76596397379912,75.83110851528383,41,3498739,1867816,1630923,58589,1428348,1131877,10593,73.0,87.0
Punjab,Mansa,29.919547714285724,75.4304922857143,47,769751,408732,361019,2673,244037,179523,1694,55.0,88.0
Punjab,Moga,30.756540067340065,75.1600845117845,42,995746,525920,469826,7897,348549,279340,2774,63.0,89.0
Punjab,Muktsar,30.31243303303303,74.5518747747748,44,901896,475622,426274,4571,300401,224447,2025,58.0,90.0
Punjab,Patiala,30.214540380693364,76.27505893949697,48,1895686,1002522,893164,24274,711052,555739,5679,67.0,89.0
Punjab,Rupnagar,30.910937330754347,76.53743500967126,51,684627,357485,327142,6600,278534,224197,2034,73.0,92.0
Punjab,Sangrur,30.185045204336895,75.89437014178496,53,1655169,878029,777140,10736,570413,431664,3943,61.0,89.0
Rajasthan,Ajmer,26.199300378787903,74.6990419191919,119,2583052,1324085,1258967,13499,926268,600405,4339,59.0,95.0
Rajasthan,Alwar,27.55271738035265,76.65359630562563,104,3674179,1939026,1735153,9750,1359829,822647,5732,59.0,89.0
Rajasthan,Banswara,23.453642032967014,74.44246868131869,125,1797485,907754,889731,2324,513854,315489,2734,46.0,98.0
Rajasthan,Baran,24.98023243243244,76.86210651828291,128,1222755,633945,588810,1363,432607,260700,1741,57.0,93.0
Rajasthan,Barmer,25.77070908045978,71.50297126436782,115,2603751,1369022,1234729,2766,783461,404861,3437,46.0,90.0
Rajasthan,Bharatpur,27.32411858037578,77.21752077244258,105,2548462,1355726,1192736,4179,943910,536959,3699,58.0,88.0
Rajasthan,Bhilwara,25.45119767759564,74.63947595628417,122,2408523,1220736,1187787,6207,777582,478544,3694,52.0,97.0
Rajasthan,Bikaner,28.12489068322981,73.26943322981371,101,2363937,1240801,1123136,7607,782399,496402,3411,54.0,91.0
Rajasthan,Bundi,25.48580716049379,75.79984074074079,121,1110906,577160,533746,1392,371705,213339,1723,53.0,92.0
Rajasthan,Chittaurgarh,24.631623761665463,74.80010997846382,126,1544338,783171,761167,4941,514851,306974,3238,53.0,97.0
Rajasthan,Churu,28.29330375536484,74.65846427038629,102,2039547,1051446,988101,2577,696729,452540,3361,56.0,94.0
Rajasthan,Dausa,26.91234817629181,76.57342097264443,109,1634409,857787,776622,1719,596935,341116,2286,57.0,91.0
Rajasthan,Dhaulpur,26.72397054945053,77.74476219780222,106,1206516,653647,552869,1330,435721,247377,1641,57.0,85.0
Rajasthan,Dungarpur,23.75104807692308,73.84765641025645,124,1388552,696532,692020,1477,415820,265771,2030,49.0,99.0
Rajasthan,Ganganagar,29.256785412667963,73.56192303262948,99,1969168,1043340,925828,6295,710908,482435,3332,61.0,89.0
Rajasthan,Hanumangarh,29.1813351791531,74.74632573289902,100,1774692,931184,843508,3360,624281,409855,2709,58.0,91.0
Rajasthan,Jaipur,27.033459290187885,75.77117286012533,110,6626178,3468507,3157671,76565,2554793,1746172,12219,65.0,91.0
Rajasthan,Jaisalmer,26.86900838548185,71.18371877346682,114,669919,361708,308211,754,210415,98238,986,46.0,85.0
Rajasthan,Jalor,25.07578093797277,72.18647261724662,116,1828730,936634,892096,1585,543923,285659,2470,45.0,95.0
Rajasthan,Jhalawar,24.24725541474657,76.11242891705065,129,1411129,725143,685986,1750,466815,272977,1962,52.0,95.0
Rajasthan,Jhunjhunun,28.13517401247401,75.52840893970894,103,2137045,1095896,1041149,4828,815834,554526,3300,64.0,95.0
Rajasthan,Jodhpur,26.678460838536967,73.00450847457628,113,3687165,1923928,1763237,19335,1265753,765779,5708,55.0,92.0
Rajasthan,Karauli,26.51901555555556,76.96081818181815,107,1458248,783639,674609,1059,531904,273945,1987,55.0,86.0
Rajasthan,Kota,25.175718080000014,76.18618928000001,127,1951014,1021161,929853,12843,765396,532949,3394,67.0,91.0
Rajasthan,Nagaur,27.07862016048146,74.14215667001012,112,3307743,1696325,1611418,4449,1102750,655874,4863,53.0,95.0
Rajasthan,Pali,25.80490393541874,73.55285640766907,118,2037573,1025422,1012151,4043,667381,418312,3317,53.0,99.0
Rajasthan,Rajsamand,25.24894767441859,73.96570215946844,123,1156597,581339,575258,1989,383334,235805,1821,54.0,99.0
Rajasthan,Sawai Madhopur,26.251081180223288,76.4219283891548,108,1335551,704031,631520,1887,486184,255564,1900,56.0,90.0
Rajasthan,Sikar,27.64644058641976,75.29317422839503,111,2677333,1374990,1302343,5647,995275,656842,4033,62.0,95.0
Rajasthan,Sirohi,24.7976905263158,72.75309131578943,117,1036346,534231,502115,2146,309900,166906,1621,46.0,94.0
Rajasthan,Tonk,26.153935071707927,75.79192216427637,120,1421326,728136,693190,1908,478329,271330,2145,53.0,95.0
Rajasthan,Udaipur,24.44076752136749,73.84029839743584,130,3068420,1566801,1501619,14211,973444,609185,5101,52.0,96.0
Sikkim,East,27.29600352941175,88.74908392156858,93,1709346,907500,801846,80037,748382,604616,7151,79.0,88.0
Tamil Nadu,Ariyalur,11.190514836795256,79.22249643916912,616,754894,374703,380191,1749,269582,211022,1258,64.0,101.0
Tamil Nadu,Chennai,13.058098905608748,80.28139151846806,603,4646732,2335844,2310888,217368,1968079,1808197,15742,81.0,99.0
Tamil Nadu,Coimbatore,10.871376995940452,77.07619012178621,632,3458045,1729297,1728748,63273,1394790,1241117,13938,76.0,100.0
Tamil Nadu,Cuddalore,11.57587300613498,79.63002365371497,617,2605914,1311697,1294217,15396,1000322,814959,5300,70.0,99.0
Tamil Nadu,Dharmapuri,12.300141200000006,78.11509813333339,630,1506843,774303,732540,3651,527599,390110,2364,61.0,95.0
Tamil Nadu,Dindigul,10.377801390820574,77.78011279554937,612,2159775,1080938,1078837,9155,816180,665654,4682,69.0,100.0
Tamil Nadu,Erode,11.267012155963302,77.42034334862392,610,2251744,1129868,1121876,18604,828300,664362,7719,66.0,99.0
Tamil Nadu,Kancheepuram,12.496424756511884,80.08820360135913,604,3998252,2012958,1985294,100322,1611461,1401921,8349,75.0,99.0
Tamil Nadu,Kanniyakumari,8.183466300191206,77.32053064053538,629,1870374,926345,944029,15673,780541,768197,4377,83.0,102.0
Tamil Nadu,Karur,10.79532776617955,78.08749686847604,613,1064493,528184,536309,4915,401726,325318,2151,68.0,102.0
Tamil Nadu,Madurai,9.904313833333331,78.01366033333332,623,3038252,1526475,1511777,34097,1223810,1049620,6917,75.0,99.0
Tamil Nadu,Nagapattinam,10.789468161718286,79.79437299431483,618,1616450,798127,818323,5585,640916,572092,3026,75.0,103.0
Tamil Nadu,Namakkal,11.33766638477801,78.14624841437633,609,1726601,869280,857321,8960,653312,522819,3824,68.0,99.0
Tamil Nadu,Perambalur,11.260137758112096,78.86034011799416,615,565223,282157,283066,1507,208011,167812,979,66.0,100.0
Tamil Nadu,Pudukkottai,10.130514816433578,79.05444484265728,621,1618345,803188,815157,4494,608776,501769,2812,69.0,101.0
Tamil Nadu,Ramanathapuram,9.31286995153476,78.99185362412462,626,1353445,682658,670787,5172,536487,442459,2340,72.0,98.0
Tamil Nadu,Salem,11.629324202127655,78.2478257978723,608,3482056,1781571,1700485,20660,1285107,1000455,8169,66.0,95.0
Tamil Nadu,Sivaganga,9.960306580645158,78.56535729032255,622,1339101,668672,670429,5773,526304,433440,2456,72.0,100.0
Tamil Nadu,Thanjavur,10.387692255892237,79.3194869107745,620,2405890,1182416,1223474,13495,944264,846734,4914,74.0,103.0
Tamil Nadu,Theni,9.924066666666668,77.43458833333332,624,1245899,625683,620216,4667,479403,390677,2642,70.0,99.0
Tamil Nadu,Thiruvallur,13.275858101752885,80.19724702864492,602,3728104,1876062,1852042,75634,1495711,1296010,7731,75.0,99.0
Tamil Nadu,Thiruvarur,10.368927409395978,79.60322893959727,619,1264277,626693,637584,4416,503085,443386,2272,75.0,102.0
Tamil Nadu,Tiruvannamalai,12.419318947368414,79.23265631578953,606,2464875,1235889,1228986,6445,909803,717010,4189,66.0,99.0
Tamil Nadu,Vellore,12.784882632293078,79.02643283582084,605,3936331,1961688,1974643,20623,1504355,1269573,8092,70.0,101.0
Tamil Nadu,Virudhunagar,9.468872195892564,77.87641469194315,625,1942288,967709,974579,10219,760375,638413,4300,72.0,101.0
Tripura,Dhalai,23.781360477941163,91.94654283088232,291,378230,194544,183686,273,151643,124574,455,73.0,94.0
Tripura,North Tripura,24.121739755351683,92.17842538226292,292,693947,352860,341087,997,275646,244756,848,75.0,97.0
Tripura,South Tripura,23.211874098057383,91.6065807585568,290,876001,447544,428457,948,351082,295728,1118,74.0,96.0
Tripura,West Tripura,23.780166241299337,91.41310788863107,289,1725739,879428,846311,6394,722998,638356,2817,79.0,96.0
Uttar Pradesh,Agra,26.99512974910393,78.05278291517321,146,4418797,2364953,2053844,27183,1614594,1065916,5982,61.0,87.0
Uttar Pradesh,Aligarh,27.93748576850093,78.00146831119557,143,3673889,1951996,1721893,13634,1283380,809187,4290,57.0,88.0
Uttar Pradesh,Allahabad,25.392038662316445,82.05172446982063,175,5954391,3131807,2822584,24122,2199340,1466387,7224,62.0,90.0
Uttar Pradesh,Ambedkar Nagar,26.39119025974028,82.68282142857147,178,2397888,1212410,1185478,2509,846676,640263,2797,62.0,98.0
Uttar Pradesh,Auraiya,26.66892394014961,79.42637057356607,162,1379545,740040,639505,2404,546198,384638,1510,67.0,86.0
Uttar Pradesh,Azamgarh,26.008290954773837,83.01220251256285,191,4613913,2285004,2328909,6652,1559414,1212503,5419,60.0,102.0
Uttar Pradesh,Baghpat,29.045793499999988,77.30266300000001,139,1303048,700070,602978,2989,489858,308112,1514,61.0,86.0
Uttar Pradesh,Bahraich,27.691776300578027,81.46779783237004,180,3487731,1843884,1643847,2681,878285,520083,3060,40.0,89.0
Uttar Pradesh,Ballia,25.86075638297873,84.03651978723408,193,3239774,1672902,1566872,4672,1160960,802630,3634,61.0,94.0
Uttar Pradesh,Balrampur,27.449076537911324,82.47158326180256,182,2148665,1114721,1033944,1551,544943,323414,2174,40.0,93.0
Uttar Pradesh,Banda,25.351885902503284,80.52487391304344,170,1799410,965876,833534,1655,630626,372311,1949,56.0,86.0
Uttar Pradesh,Bara Banki,26.922777025232424,81.35762350597606,176,3260699,1707073,1553626,3159,1010518,681940,3230,52.0,91.0
Uttar Pradesh,Bareilly,28.51101940789474,79.43187072368416,150,4448359,2357665,2090694,15164,1342697,849062,5126,49.0,89.0
Uttar Pradesh,Basti,26.833880454545447,82.69790590909092,185,2464464,1255272,1209192,3423,819719,574064,2775,57.0,96.0
Uttar Pradesh,Bijnor,29.313974259681096,78.45098815489754,134,3682713,1921215,1761498,7303,1241471,893922,4310,58.0,92.0
Uttar Pradesh,Bulandshahr,28.34875862068968,78.01082758620684,142,3499171,1845260,1653911,7865,1253314,778342,4534,58.0,90.0
Uttar Pradesh,Chandauli,25.1180859611231,83.25307062634984,196,1952756,1017905,934851,3492,699454,475152,2183,60.0,92.0
Uttar Pradesh,Chitrakoot,25.159924623803,81.07666087551297,171,991730,527721,464009,827,330339,200733,1019,54.0,88.0
Uttar Pradesh,Deoria,26.42218856548857,83.8244070686071,190,3100946,1537436,1563510,4469,1079288,795951,3643,60.0,102.0
Uttar Pradesh,Etah,27.591155309734443,78.70021858407083,201,1774480,947339,827141,2635,647042,408160,3461,59.0,87.0
Uttar Pradesh,Etawah,26.78817670157068,79.07621806282728,161,1581810,845856,735954,2964,623583,438420,1825,67.0,87.0
Uttar Pradesh,Faizabad,26.60589185185181,82.00783530864202,177,2470996,1259628,1211368,4746,838339,612562,2985,59.0,96.0
Uttar Pradesh,Farrukhabad,27.45063297872342,79.4406284574468,159,1885204,1006240,878964,2624,654827,437850,2058,58.0,87.0
Uttar Pradesh,Fatehpur,25.8374362030905,80.85416203090509,172,2632733,1384722,1248011,3385,911003,601163,2868,57.0,90.0
Uttar Pradesh,Firozabad,27.20963993055552,78.42660624999998,147,2498156,1332046,1166110,5834,912314,609492,2940,61.0,88.0
Uttar Pradesh,Gautam Buddha Nagar,28.393311038961038,77.52462467532465,141,1648115,890214,757901,53181,666065,456882,2578,68.0,85.0
Uttar Pradesh,Ghaziabad,28.74997308584685,77.67441879350343,140,4681645,2488834,2192811,78116,1811397,1311867,5946,67.0,88.0
Uttar Pradesh,Ghazipur,25.624724775583484,83.5360854578097,195,3620268,1855075,1765193,5309,1293553,903996,4079,61.0,95.0
Uttar Pradesh,Gonda,27.157215552099505,82.0226888024882,183,3433919,1787146,1646773,4313,1034181,645813,3614,49.0,92.0
Uttar Pradesh,Gorakhpur,26.63315886792452,83.3549560377358,188,4440895,2277777,2163118,14597,1593890,1106438,5455,61.0,95.0
Uttar Pradesh,Hamirpur,25.738158381502892,79.82619479768789,28,454768,217070,237698,2521,180555,177536,878,79.0,110.0
Uttar Pradesh,Hamirpur,25.738158381502892,79.82619479768789,168,1104285,593537,510748,1196,408125,245174,1291,59.0,86.0
Uttar Pradesh,Hardoi,27.337409090909137,80.26411767676768,155,4092845,2191442,1901403,3845,1374587,847014,4209,54.0,87.0
Uttar Pradesh,Jalaun,26.067954587155988,79.36686911314993,165,1689974,906092,783882,2217,653430,421766,1906,64.0,87.0
Uttar Pradesh,Jaunpur,25.70141280913127,82.54315351934063,194,4494204,2220465,2273739,8002,1565394,1166283,5261,61.0,102.0
Uttar Pradesh,Jhansi,25.45581535234902,78.89954580536917,166,1998603,1057436,941167,8517,783705,520808,2651,65.0,89.0
Uttar Pradesh,Jyotiba Phule Nagar,28.870498984771597,78.39009365482241,137,1840221,963449,876772,2825,600541,382569,2074,53.0,91.0
Uttar Pradesh,Kannauj,26.993988617886185,79.64437940379408,160,1656616,881776,774840,2488,603596,413491,1730,61.0,88.0
Uttar Pradesh,Kanpur Dehat,26.43047641196011,79.98710083056478,163,1796184,963255,832929,2682,692964,477279,2056,65.0,86.0
Uttar Pradesh,Kaushambi,25.53587532051282,81.41811282051287,174,1599596,838485,761111,1503,507279,306145,1645,51.0,91.0
Uttar Pradesh,Kushinagar,26.892530675909864,83.92261542461007,189,3564544,1818055,1746489,3486,1183722,771098,3704,55.0,96.0
Uttar Pradesh,Lalitpur,24.58877161016945,78.60082330508473,167,1221592,641011,580581,1079,397586,243605,1287,52.0,91.0
Uttar Pradesh,Lucknow,26.838233589251463,80.89706026871404,157,4589838,2394476,2195362,68506,1742440,1384820,7486,68.0,92.0
Uttar Pradesh,Mahoba,25.34529670138888,79.67863003472216,169,875958,466358,409600,1316,302283,185823,904,56.0,88.0
Uttar Pradesh,Mainpuri,27.17386862302482,79.03501851015807,148,1868529,993377,875152,2642,712110,491775,1998,64.0,88.0
Uttar Pradesh,Mathura,27.59390432801821,77.62153416856502,145,2547184,1367125,1180059,8726,943346,564400,3025,59.0,86.0
Uttar Pradesh,Mau,26.01082203791469,83.50582654028433,192,2205968,1114709,1091259,2656,773082,589962,2693,62.0,98.0
Uttar Pradesh,Meerut,29.02957625698323,77.80611005586593,138,3443689,1825743,1617946,23717,1254520,886968,4953,62.0,89.0
Uttar Pradesh,Mirzapur,25.10207959183675,82.60126628571429,199,2496970,1312302,1184668,4447,865837,562846,2875,57.0,90.0
Uttar Pradesh,Moradabad,28.851770406189537,78.73580193423597,135,4772006,2503186,2268820,11690,1357435,906413,5452,47.0,91.0
Uttar Pradesh,Muzaffarnagar,29.470507977736563,77.64017847866423,133,4143512,2193434,1950078,10077,1448528,968811,4871,58.0,89.0
Uttar Pradesh,Pilibhit,28.52024175035868,79.90103974175037,151,2031007,1072002,959005,2870,654290,406805,2125,52.0,89.0
Uttar Pradesh,Pratapgarh,25.864842731707316,81.93530048780492,131,867848,437744,430104,716,250122,151393,2829,46.0,98.0
Uttar Pradesh,Pratapgarh,25.864842731707316,81.93530048780492,173,3209141,1606085,1603056,5149,1121381,810178,3639,60.0,100.0
Uttar Pradesh,Rae Bareli,26.253902840059787,81.22260463378181,158,3405559,1752542,1653017,5184,1165965,799878,3812,58.0,94.0
Uttar Pradesh,Rampur,28.83244727272725,79.10977333333337,136,2335819,1223889,1111930,3847,630408,413258,2545,45.0,91.0
Uttar Pradesh,Saharanpur,30.03381165217392,77.59905147826095,132,3466382,1834106,1632276,9699,1220114,856994,4029,60.0,89.0
Uttar Pradesh,Sant Kabir Nagar,26.791596516393444,83.0387764344262,186,1715183,869656,845527,2031,567098,387851,1850,56.0,97.0
Uttar Pradesh,Shahjahanpur,27.991389350649328,79.8302275324675,152,3006538,1606403,1400135,3889,915142,575788,3441,50.0,87.0
Uttar Pradesh,Sitapur,27.501995963091108,80.85288881199547,154,4483992,2375264,2108728,3874,1397702,886031,4535,51.0,89.0
Uttar Pradesh,Sonbhadra,24.46693268858798,83.06816324951639,200,1862559,971344,891215,5149,601988,383720,2337,53.0,92.0
Uttar Pradesh,Sultanpur,26.2846386419753,82.05710456790123,179,3797117,1914586,1882531,5956,1300248,939654,4190,59.0,98.0
Uttar Pradesh,Unnao,26.63163990895297,80.636773292868,156,3108367,1630087,1478280,3476,1053063,720521,3620,57.0,91.0
Uttar Pradesh,Varanasi,25.36057088888889,82.82529666666672,197,3676841,1921857,1754984,19214,1389116,1014787,5059,65.0,91.0
Uttaranchal,Almora,29.683532133676103,79.50165064267351,64,622506,291081,331425,1830,231604,204893,742,70.0,114.0
Uttaranchal,Bageshwar,29.98703393393397,79.83954354354357,63,259898,124326,135572,435,97546,81937,281,69.0,109.0
Uttaranchal,Chamoli,30.58338611464965,79.56281095541402,57,391605,193991,197614,899,155395,125161,467,72.0,102.0
Uttaranchal,Champawat,29.29142393939393,80.07720212121217,65,259648,131125,128523,548,102015,75711,309,68.0,98.0
Uttaranchal,Pithoragarh,30.14720631868129,80.34229230769236,62,483439,239306,244133,1344,189623,155927,631,71.0,102.0
Uttaranchal,Tehri Garhwal,30.463700918635173,78.48783792650917,59,618931,297986,320945,1366,227406,180588,743,66.0,108.0
Uttaranchal,Udham Singh Nagar,29.02779577677222,79.45629004524895,67,1648902,858783,790119,7883,598525,439314,1805,63.0,92.0
Uttaranchal,Uttarkashi,30.968958552036234,78.56880615384617,56,330086,168597,161489,602,128237,86889,356,65.0,96.0
West Bengal,Bankura,23.081280892857155,87.12640053571437,339,3596674,1838095,1758579,4273,1299337,933655,3959,62.0,96.0
West Bengal,Barddhaman,23.444453888888884,87.8150581111111,335,7717563,3966889,3750674,32323,2918040,2329168,13547,68.0,95.0
West Bengal,Birbhum,24.06389342723,87.65153089201888,334,3502404,1790920,1711484,5210,1201481,956966,3911,62.0,96.0
West Bengal,Dakshin Dinajpur,25.342094363021435,88.69821679819614,331,1676276,857199,819077,2518,596474,487211,2039,65.0,96.0
West Bengal,Darjiling,26.839619571045585,88.33145067024122,327,1846823,937259,909564,10943,717673,597912,3146,71.0,97.0
West Bengal,Haora,22.401674174428507,87.99421176968654,341,4850029,2500819,2349210,30751,1942824,1662382,9414,74.0,94.0
West Bengal,Hugli,22.87929264705881,88.00010264705891,338,5519145,2814653,2704492,31725,2211777,1866611,9450,74.0,96.0
West Bengal,Jalpaiguri,26.62642031250004,89.04154375000003,328,3872846,1983064,1889782,9322,1396622,1102158,5160,65.0,95.0
West Bengal,Kolkata,22.550581481481483,88.3527648148148,342,4496694,2356766,2139928,136618,1926915,1661222,16375,80.0,91.0
West Bengal,Maldah,25.08026802575105,88.17191684549356,332,3988845,2051541,1937304,5357,1152019,934413,4191,52.0,94.0
West Bengal,Murshidabad,24.25950655391121,88.16816860465121,333,7103807,3627564,3476243,7951,2177187,1878647,8088,57.0,96.0
West Bengal,Nadia,23.56410971055088,88.58293034547152,336,5167600,2653768,2513832,12787,1878866,1601689,7048,67.0,95.0
West Bengal,Puruliya,23.254192328767108,86.3968532876713,340,2930115,1496996,1433119,3551,1002058,622847,3309,55.0,96.0
West Bengal,Uttar Dinajpur,26.044619165196977,88.23595232216337,330,3007134,1551066,1456068,2883,853495,636172,3214,50.0,94.0
